{
  "version": 1,
  "author": "Uri Shaked",
  "editor": "wokwi",
  "parts": [
    { "type": "wokwi-esp32-devkit-v1", "id": "esp", "top": 23.9, "left": 167.8, "attrs": {} },
    {
      "type": "wokwi-led",
      "id": "led1",
      "top": 124,
      "left": 11,
      "rotate": 270,
      "attrs": { "color": "red" }
    },
    {
      "type": "wokwi-led",
      "id": "led2",
      "top": 47.2,
      "left": 11,
      "rotate": 270,
      "attrs": { "color": "limegreen" }
    },
    {
      "type": "wokwi-led",
      "id": "led3",
      "top": 85.6,
      "left": 11,
      "rotate": 270,
      "attrs": { "color": "yellow" }
    },
    {
      "type": "wokwi-resistor",
      "id": "r1",
      "top": 61.55,
      "left": 57.6,
      "attrs": { "value": "1000" }
    },
    {
      "type": "wokwi-resistor",
      "id": "r2",
      "top": 138.35,
      "left": 57.6,
      "attrs": { "value": "1000" }
    },
    {
      "type": "wokwi-resistor",
      "id": "r3",
      "top": 99.95,
      "left": 57.6,
      "attrs": { "value": "1000" }
    }
  ],
  "connections": [
    [ "esp:TX0", "$serialMonitor:RX", "", [] ],
    [ "esp:RX0", "$serialMonitor:TX", "", [] ],
    [ "led1:A", "r2:1", "green", [ "h0" ] ],
    [ "led3:A", "r3:1", "green", [ "h0" ] ],
    [ "led2:A", "r1:1", "green", [ "h0" ] ],
    [ "esp:D14", "r1:2", "green", [ "h-9.6", "v-76.7" ] ],
    [ "esp:D13", "r3:2", "green", [ "h-19.2", "v-57.8" ] ],
    [ "esp:D12", "r2:2", "green", [ "h-28.8", "v-10.3" ] ],
    [ "esp:GND.2", "led1:C", "black", [ "h0" ] ],
    [ "esp:GND.2", "led3:C", "black", [ "h-105.6", "v-57.7" ] ],
    [ "esp:GND.2", "led2:C", "black", [ "h-28.8", "v-96.1", "h-96" ] ]
  ],
  "dependencies": {}
}