{
  "version": 1,
  "author": "Muhammad ihsan",
  "editor": "wokwi",
  "parts": [
    { "type": "wokwi-arduino-uno", "id": "uno", "top": 0, "left": 0, "attrs": {} },
    {
      "type": "wokwi-lcd1602",
      "id": "lcd1",
      "top": -156.8,
      "left": 120.8,
      "attrs": { "pins": "i2c" }
    }
  ],
  "connections": [
    [ "lcd1:GND", "uno:GND.3", "black", [ "h-134.4", "v364.8", "h9.6" ] ],
    [ "lcd1:VCC", "uno:5V", "red", [ "h-124.8", "v345.7", "h57.6" ] ],
    [ "lcd1:SDA", "uno:A4.2", "green", [ "h0" ] ],
    [ "lcd1:SCL", "uno:A5.2", "green", [ "h-48", "v0.3" ] ]
  ],
  "dependencies": {}
}